uczelnia_id;Uczelnia
1;Uniwersytet Krolewski
2;Akademia Sztuk Pieknych
3;Uniwersytet Krolewski
4;Politechnika Krolewska
5;Politechnika Informatyczno-Elektroniczna
6;Politechnika Krolewska
7;Politechnika Informatyczno-Elektroniczna
8;Politechnika Krolewska
9;Uniwersytet Krolewski
10;Uniwersytet Krolewski
11;Akademia Sztuk Pieknych
12;Politechnika Krolewska
13;Politechnika Informatyczno-Elektroniczna
14;Uniwersytet Krolewski
15;Uniwersytet Sportu i Turystyki
16;Uniwersytet Krolewski
17;Wyzsza Szko�a Techniczna
18;Uniwersytet Sportu i Turystyki
19;Uniwersytet Krolewski
20;Politechnika Krolewska
21;Uniwersytet Krolewski
22;Uniwersytet Krolewski
23;Uniwersytet Krolewski
24;Uniwersytet Sportu i Turystyki
25;Politechnika Informatyczno-Elektroniczna
26;Uniwersytet Muzyczny
27;Politechnika Krolewska
28;Politechnika Krolewska
29;Politechnika Krolewska
30;Uniwersytet Pedagogiczny
31;Politechnika Krolewska
32;Uniwersytet Krolewski
33;Politechnika Krolewska
34;Uniwersytet Krolewski
35;Politechnika Krolewska
36;Politechnika Informatyczno-Elektroniczna
37;Politechnika Krolewska
38;Uniwersytet Krolewski
39;Uniwersytet Muzyczny
40;Uniwersytet Ekonomiczny
41;Uniwersytet Krolewski
42;Uniwersytet Krolewski
43;Uniwersytet Krolewski
44;Uniwersytet Krolewski
45;Uniwersytet Krolewski
46;Politechnika Krolewska
47;Politechnika Informatyczno-Elektroniczna
48;Politechnika Krolewska
49;Politechnika Informatyczno-Elektroniczna
50;Politechnika Informatyczno-Elektroniczna
51;Uniwersytet Pedagogiczny
52;Uniwersytet Krolewski
53;Uniwersytet Sportu i Turystyki
54;Uniwersytet Krolewski
55;Uniwersytet Sportu i Turystyki
56;Politechnika Informatyczno-Elektroniczna
57;Uniwersytet Krolewski
58;Uniwersytet Sportu i Turystyki
59;Politechnika Informatyczno-Elektroniczna
60;Uniwersytet Sportu i Turystyki
61;Politechnika Krolewska
62;Uniwersytet Sportu i Turystyki
63;Politechnika Krolewska
64;Politechnika Krolewska
65;Politechnika Informatyczno-Elektroniczna
66;Politechnika Informatyczno-Elektroniczna
67;Politechnika Informatyczno-Elektroniczna
68;Politechnika Krolewska
69;Uniwersytet Krolewski
70;Politechnika Informatyczno-Elektroniczna
71;Politechnika Informatyczno-Elektroniczna
72;Uniwersytet Krolewski
73;Uniwersytet Pedagogiczny
74;Politechnika Krolewska
75;Politechnika Informatyczno-Elektroniczna
76;Politechnika Krolewska
77;Uniwersytet Pedagogiczny
78;Politechnika Informatyczno-Elektroniczna
79;Politechnika Informatyczno-Elektroniczna
80;Politechnika Informatyczno-Elektroniczna
81;Uniwersytet Sportu i Turystyki
82;Uniwersytet Krolewski
83;Uniwersytet Rolniczy
84;Uniwersytet Sportu i Turystyki
85;Uniwersytet Krolewski
86;Uniwersytet Krolewski
87;Politechnika Krolewska
88;Uniwersytet Krolewski
89;Uniwersytet Krolewski
90;Akademia Sztuk Pieknych
91;Politechnika Krolewska
92;Politechnika Informatyczno-Elektroniczna
93;Uniwersytet Krolewski
94;Politechnika Krolewska
95;Politechnika Informatyczno-Elektroniczna
96;Uniwersytet Krolewski
97;Uniwersytet Krolewski
98;Politechnika Informatyczno-Elektroniczna
99;Politechnika Informatyczno-Elektroniczna
100;Politechnika Informatyczno-Elektroniczna
101;Politechnika Informatyczno-Elektroniczna
102;Politechnika Informatyczno-Elektroniczna
103;Uniwersytet Krolewski
104;Uniwersytet Ekonomiczny
105;Politechnika Informatyczno-Elektroniczna
106;Uniwersytet Rolniczy
107;Uniwersytet Pedagogiczny
108;Politechnika Informatyczno-Elektroniczna
109;Politechnika Informatyczno-Elektroniczna
110;Politechnika Informatyczno-Elektroniczna
111;Uniwersytet Ekonomiczny
112;Politechnika Krolewska
113;Politechnika Krolewska
114;Politechnika Krolewska
115;Politechnika Krolewska
116;Politechnika Informatyczno-Elektroniczna
117;Politechnika Krolewska
118;Uniwersytet Rolniczy
119;Politechnika Informatyczno-Elektroniczna
120;Politechnika Informatyczno-Elektroniczna
121;Politechnika Informatyczno-Elektroniczna
122;Uniwersytet Krolewski
123;Politechnika Krolewska
124;Uniwersytet Krolewski
125;Politechnika Informatyczno-Elektroniczna
126;Politechnika Krolewska
127;Politechnika Krolewska
128;Politechnika Krolewska
129;Politechnika Krolewska
130;Uniwersytet Krolewski
131;Uniwersytet Krolewski
132;Politechnika Krolewska
133;Uniwersytet Krolewski
134;Politechnika Informatyczno-Elektroniczna
135;Uniwersytet Rolniczy
136;Politechnika Krolewska
137;Politechnika Informatyczno-Elektroniczna
138;Politechnika Informatyczno-Elektroniczna
139;Politechnika Informatyczno-Elektroniczna
140;Politechnika Informatyczno-Elektroniczna
141;Politechnika Informatyczno-Elektroniczna
142;Politechnika Krolewska
143;Politechnika Informatyczno-Elektroniczna
144;Uniwersytet Krolewski
145;Uniwersytet Krolewski
146;Politechnika Informatyczno-Elektroniczna
147;Uniwersytet Krolewski
148;Politechnika Informatyczno-Elektroniczna
149;Akademia Sztuk Pieknych
150;Politechnika Informatyczno-Elektroniczna
151;Politechnika Krolewska
152;Politechnika Krolewska
153;Politechnika Informatyczno-Elektroniczna
154;Uniwersytet Krolewski
155;Uniwersytet Ekonomiczny
156;Uniwersytet Krolewski
157;Politechnika Krolewska
158;Politechnika Informatyczno-Elektroniczna
159;Politechnika Informatyczno-Elektroniczna
160;Politechnika Informatyczno-Elektroniczna
161;Politechnika Informatyczno-Elektroniczna
162;Politechnika Informatyczno-Elektroniczna
163;Politechnika Krolewska
164;Uniwersytet Krolewski
165;Politechnika Krolewska
166;Politechnika Informatyczno-Elektroniczna
167;Politechnika Informatyczno-Elektroniczna
168;Politechnika Informatyczno-Elektroniczna
169;Uniwersytet Rolniczy
170;Politechnika Krolewska
171;Uniwersytet Krolewski
172;Uniwersytet Pedagogiczny
173;Politechnika Krolewska
174;Politechnika Informatyczno-Elektroniczna
175;Politechnika Informatyczno-Elektroniczna
176;Politechnika Krolewska
177;Uniwersytet Krolewski
178;Uniwersytet Krolewski
179;Politechnika Informatyczno-Elektroniczna
180;Politechnika Informatyczno-Elektroniczna
181;Uniwersytet Krolewski
182;Uniwersytet Krolewski
183;Politechnika Krolewska
184;Politechnika Informatyczno-Elektroniczna
185;Uniwersytet Pedagogiczny
186;Uniwersytet Krolewski
187;Akademia Sztuk Pieknych
188;Politechnika Informatyczno-Elektroniczna
189;Uniwersytet Rolniczy
190;Uniwersytet Krolewski
191;Uniwersytet Krolewski
192;Politechnika Krolewska
193;Uniwersytet Rolniczy
194;Politechnika Informatyczno-Elektroniczna
195;Uniwersytet Sportu i Turystyki
196;Politechnika Informatyczno-Elektroniczna
197;Politechnika Informatyczno-Elektroniczna
198;Uniwersytet Krolewski
199;Uniwersytet Krolewski
200;Politechnika Krolewska
201;Uniwersytet Krolewski
202;Uniwersytet Krolewski
203;Uniwersytet Ekonomiczny
204;Politechnika Krolewska
205;Politechnika Krolewska
206;Akademia Sztuk Pieknych
207;Politechnika Krolewska
208;Uniwersytet Sportu i Turystyki
209;Uniwersytet Rolniczy
210;Politechnika Informatyczno-Elektroniczna
211;Uniwersytet Sportu i Turystyki
212;Uniwersytet Krolewski
213;Politechnika Informatyczno-Elektroniczna
214;Uniwersytet Krolewski
215;Politechnika Informatyczno-Elektroniczna
216;Politechnika Krolewska
217;Uniwersytet Krolewski
218;Uniwersytet Rolniczy
219;Uniwersytet Krolewski
220;Politechnika Informatyczno-Elektroniczna
221;Uniwersytet Muzyczny
222;Uniwersytet Krolewski
223;Uniwersytet Krolewski
224;Uniwersytet Krolewski
225;Politechnika Krolewska
226;Uniwersytet Ekonomiczny
227;Uniwersytet Sportu i Turystyki
228;Politechnika Informatyczno-Elektroniczna
229;Uniwersytet Krolewski
230;Politechnika Informatyczno-Elektroniczna
231;Politechnika Informatyczno-Elektroniczna
232;Politechnika Informatyczno-Elektroniczna
233;Uniwersytet Krolewski
234;Politechnika Krolewska
235;Politechnika Krolewska
236;Uniwersytet Sportu i Turystyki
237;Uniwersytet Krolewski
238;Politechnika Krolewska
239;Politechnika Informatyczno-Elektroniczna
240;Uniwersytet Krolewski
241;Akademia Sztuk Pieknych
242;Uniwersytet Krolewski
243;Politechnika Krolewska
244;Uniwersytet Krolewski
245;Politechnika Krolewska
246;Uniwersytet Krolewski
247;Uniwersytet Krolewski
248;Politechnika Krolewska
249;Uniwersytet Krolewski
250;Politechnika Informatyczno-Elektroniczna
251;Politechnika Krolewska
252;Uniwersytet Krolewski
253;Uniwersytet Ekonomiczny
254;Uniwersytet Krolewski
255;Politechnika Informatyczno-Elektroniczna
256;Uniwersytet Krolewski
257;Uniwersytet Ekonomiczny
258;Politechnika Informatyczno-Elektroniczna
259;Uniwersytet Krolewski
260;Uniwersytet Krolewski
261;Wyzsza Szko�a Techniczna
262;Politechnika Informatyczno-Elektroniczna
263;Uniwersytet Krolewski
264;Uniwersytet Krolewski
265;Uniwersytet Krolewski
266;Uniwersytet Ekonomiczny
267;Politechnika Krolewska
268;Politechnika Informatyczno-Elektroniczna
269;Uniwersytet Pedagogiczny
270;Politechnika Informatyczno-Elektroniczna
271;Politechnika Informatyczno-Elektroniczna
272;Uniwersytet Rolniczy
273;Uniwersytet Krolewski
274;Politechnika Krolewska
275;Politechnika Informatyczno-Elektroniczna
276;Uniwersytet Pedagogiczny
277;Uniwersytet Krolewski
278;Politechnika Informatyczno-Elektroniczna
279;Politechnika Informatyczno-Elektroniczna
280;Uniwersytet Rolniczy
281;Uniwersytet Rolniczy
282;Politechnika Informatyczno-Elektroniczna
283;Politechnika Informatyczno-Elektroniczna
284;Politechnika Krolewska
285;Politechnika Krolewska
286;Akademia Sztuk Pieknych
287;Uniwersytet Rolniczy
288;Uniwersytet Krolewski
289;Uniwersytet Krolewski
290;Politechnika Krolewska
291;Politechnika Krolewska
292;Akademia Sztuk Pieknych
293;Uniwersytet Krolewski
294;Politechnika Informatyczno-Elektroniczna
295;Uniwersytet Ekonomiczny
296;Uniwersytet Rolniczy
297;Uniwersytet Krolewski
298;Politechnika Informatyczno-Elektroniczna
299;Politechnika Krolewska
300;Politechnika Krolewska
301;Politechnika Informatyczno-Elektroniczna
302;Politechnika Krolewska
303;Uniwersytet Krolewski
304;Politechnika Informatyczno-Elektroniczna
305;Politechnika Krolewska
306;Uniwersytet Krolewski
307;Uniwersytet Krolewski
308;Uniwersytet Krolewski
309;Uniwersytet Krolewski
310;Uniwersytet Krolewski
311;Uniwersytet Krolewski
312;Uniwersytet Pedagogiczny
313;Politechnika Informatyczno-Elektroniczna
314;Politechnika Krolewska
315;Uniwersytet Krolewski
316;Politechnika Informatyczno-Elektroniczna
317;Politechnika Krolewska
318;Politechnika Informatyczno-Elektroniczna
319;Politechnika Informatyczno-Elektroniczna
320;Politechnika Informatyczno-Elektroniczna
321;Uniwersytet Krolewski
322;Uniwersytet Sportu i Turystyki
323;Politechnika Informatyczno-Elektroniczna
324;Uniwersytet Pedagogiczny
325;Politechnika Krolewska
326;Uniwersytet Krolewski
327;Politechnika Informatyczno-Elektroniczna
328;Politechnika Informatyczno-Elektroniczna
329;Uniwersytet Krolewski
330;Politechnika Informatyczno-Elektroniczna
331;Politechnika Krolewska
332;Politechnika Krolewska
333;Politechnika Informatyczno-Elektroniczna
334;Uniwersytet Sportu i Turystyki
335;Uniwersytet Krolewski
336;Uniwersytet Pedagogiczny
337;Politechnika Informatyczno-Elektroniczna
338;Uniwersytet Krolewski
339;Uniwersytet Krolewski
340;Uniwersytet Pedagogiczny
341;Uniwersytet Krolewski
342;Politechnika Krolewska
343;Politechnika Krolewska
344;Politechnika Informatyczno-Elektroniczna
345;Politechnika Krolewska
346;Politechnika Krolewska
347;Uniwersytet Rolniczy
348;Politechnika Krolewska
349;Uniwersytet Rolniczy
350;Uniwersytet Ekonomiczny
351;Akademia Sztuk Pieknych
352;Politechnika Informatyczno-Elektroniczna
353;Politechnika Krolewska
354;Politechnika Informatyczno-Elektroniczna
355;Politechnika Informatyczno-Elektroniczna
356;Politechnika Informatyczno-Elektroniczna
357;Uniwersytet Krolewski
358;Uniwersytet Krolewski
359;Politechnika Informatyczno-Elektroniczna
360;Politechnika Informatyczno-Elektroniczna
361;Politechnika Informatyczno-Elektroniczna
362;Politechnika Informatyczno-Elektroniczna
363;Uniwersytet Rolniczy
364;Politechnika Informatyczno-Elektroniczna
365;Politechnika Krolewska
366;Politechnika Krolewska
367;Politechnika Informatyczno-Elektroniczna
368;Politechnika Informatyczno-Elektroniczna
369;Politechnika Informatyczno-Elektroniczna
370;Politechnika Informatyczno-Elektroniczna
371;Politechnika Informatyczno-Elektroniczna
372;Uniwersytet Krolewski
373;Uniwersytet Krolewski
374;Politechnika Informatyczno-Elektroniczna
375;Uniwersytet Ekonomiczny
376;Politechnika Informatyczno-Elektroniczna
377;Politechnika Informatyczno-Elektroniczna
378;Uniwersytet Krolewski
379;Politechnika Krolewska
380;Uniwersytet Sportu i Turystyki
381;Politechnika Informatyczno-Elektroniczna
382;Politechnika Informatyczno-Elektroniczna
383;Uniwersytet Krolewski
384;Uniwersytet Sportu i Turystyki
385;Uniwersytet Krolewski
386;Politechnika Informatyczno-Elektroniczna
387;Uniwersytet Krolewski
388;Politechnika Informatyczno-Elektroniczna
389;Uniwersytet Krolewski
390;Politechnika Informatyczno-Elektroniczna
391;Politechnika Informatyczno-Elektroniczna
392;Uniwersytet Krolewski
393;Politechnika Informatyczno-Elektroniczna
394;Politechnika Informatyczno-Elektroniczna
395;Politechnika Informatyczno-Elektroniczna
396;Politechnika Informatyczno-Elektroniczna
397;Politechnika Informatyczno-Elektroniczna
398;Politechnika Informatyczno-Elektroniczna
399;Politechnika Informatyczno-Elektroniczna
400;Politechnika Informatyczno-Elektroniczna
401;Politechnika Krolewska
402;Politechnika Krolewska
403;Politechnika Krolewska
404;Politechnika Informatyczno-Elektroniczna
405;Uniwersytet Krolewski
406;Politechnika Informatyczno-Elektroniczna
407;Politechnika Informatyczno-Elektroniczna
408;Wyzsza Szko�a Techniczna
409;Wyzsza Szko�a Techniczna
410;Politechnika Krolewska
411;Uniwersytet Sportu i Turystyki
412;Politechnika Informatyczno-Elektroniczna
413;Politechnika Informatyczno-Elektroniczna
414;Politechnika Informatyczno-Elektroniczna
415;Uniwersytet Krolewski
416;Uniwersytet Krolewski
417;Politechnika Informatyczno-Elektroniczna
418;Politechnika Informatyczno-Elektroniczna
419;Politechnika Krolewska
420;Politechnika Informatyczno-Elektroniczna
421;Politechnika Informatyczno-Elektroniczna
422;Uniwersytet Sportu i Turystyki
423;Uniwersytet Krolewski
424;Politechnika Informatyczno-Elektroniczna
425;Uniwersytet Krolewski
426;Politechnika Informatyczno-Elektroniczna
427;Politechnika Krolewska
428;Politechnika Informatyczno-Elektroniczna
429;Politechnika Informatyczno-Elektroniczna
430;Politechnika Informatyczno-Elektroniczna
431;Uniwersytet Rolniczy
432;Uniwersytet Krolewski
433;Politechnika Informatyczno-Elektroniczna
434;Politechnika Informatyczno-Elektroniczna
435;Uniwersytet Ekonomiczny
436;Politechnika Informatyczno-Elektroniczna
437;Politechnika Informatyczno-Elektroniczna
438;Politechnika Krolewska
439;Uniwersytet Krolewski
440;Politechnika Krolewska
441;Uniwersytet Krolewski
442;Politechnika Krolewska
443;Politechnika Informatyczno-Elektroniczna
444;Politechnika Informatyczno-Elektroniczna
445;Politechnika Krolewska
446;Politechnika Krolewska
447;Politechnika Informatyczno-Elektroniczna
448;Uniwersytet Ekonomiczny
449;Politechnika Informatyczno-Elektroniczna
450;Uniwersytet Muzyczny
451;Politechnika Krolewska
452;Politechnika Informatyczno-Elektroniczna
453;Politechnika Informatyczno-Elektroniczna
454;Politechnika Informatyczno-Elektroniczna
455;Uniwersytet Krolewski
456;Politechnika Informatyczno-Elektroniczna
457;Uniwersytet Ekonomiczny
458;Politechnika Informatyczno-Elektroniczna
459;Uniwersytet Krolewski
460;Politechnika Informatyczno-Elektroniczna
461;Uniwersytet Ekonomiczny
462;Uniwersytet Rolniczy
463;Uniwersytet Krolewski
464;Akademia Sztuk Pieknych
465;Politechnika Informatyczno-Elektroniczna
466;Politechnika Informatyczno-Elektroniczna
467;Politechnika Informatyczno-Elektroniczna
468;Uniwersytet Krolewski
469;Politechnika Krolewska
470;Uniwersytet Krolewski
471;Uniwersytet Ekonomiczny
472;Uniwersytet Rolniczy
473;Uniwersytet Pedagogiczny
474;Politechnika Informatyczno-Elektroniczna
475;Akademia Sztuk Pieknych
476;Politechnika Informatyczno-Elektroniczna
477;Akademia Sztuk Pieknych
478;Politechnika Krolewska
479;Uniwersytet Krolewski
480;Politechnika Krolewska
481;Uniwersytet Krolewski
482;Politechnika Informatyczno-Elektroniczna
483;Politechnika Krolewska
484;Politechnika Informatyczno-Elektroniczna
485;Uniwersytet Pedagogiczny
486;Politechnika Krolewska
487;Politechnika Krolewska
488;Politechnika Informatyczno-Elektroniczna
489;Politechnika Informatyczno-Elektroniczna
490;Politechnika Informatyczno-Elektroniczna
491;Politechnika Informatyczno-Elektroniczna
492;Uniwersytet Krolewski
493;Uniwersytet Krolewski
494;Politechnika Krolewska
495;Politechnika Informatyczno-Elektroniczna
496;Politechnika Informatyczno-Elektroniczna
497;Uniwersytet Krolewski
498;Politechnika Krolewska
499;Uniwersytet Krolewski
500;Uniwersytet Krolewski
501;Uniwersytet Pedagogiczny
502;Akademia Sztuk Pieknych
503;Uniwersytet Krolewski
504;Politechnika Informatyczno-Elektroniczna
505;Politechnika Krolewska
506;Politechnika Informatyczno-Elektroniczna
507;Politechnika Krolewska
508;Politechnika Krolewska
509;Politechnika Informatyczno-Elektroniczna
510;Politechnika Krolewska
511;Politechnika Informatyczno-Elektroniczna
512;Politechnika Krolewska
513;Uniwersytet Krolewski
514;Uniwersytet Krolewski
515;Politechnika Informatyczno-Elektroniczna
516;Uniwersytet Krolewski
517;Uniwersytet Ekonomiczny
518;Politechnika Informatyczno-Elektroniczna
519;Politechnika Krolewska
520;Uniwersytet Krolewski
521;Politechnika Informatyczno-Elektroniczna
522;Politechnika Informatyczno-Elektroniczna
523;Uniwersytet Krolewski
524;Politechnika Informatyczno-Elektroniczna
525;Politechnika Informatyczno-Elektroniczna
526;Uniwersytet Krolewski
527;Politechnika Krolewska
528;Uniwersytet Krolewski
529;Uniwersytet Rolniczy
530;Uniwersytet Krolewski
531;Politechnika Krolewska
532;Politechnika Informatyczno-Elektroniczna
533;Politechnika Informatyczno-Elektroniczna
534;Uniwersytet Krolewski
535;Politechnika Informatyczno-Elektroniczna
536;Politechnika Informatyczno-Elektroniczna
537;Uniwersytet Krolewski
538;Uniwersytet Krolewski
539;Politechnika Informatyczno-Elektroniczna
540;Politechnika Informatyczno-Elektroniczna
541;Uniwersytet Krolewski
542;Uniwersytet Sportu i Turystyki
543;Politechnika Informatyczno-Elektroniczna
544;Politechnika Krolewska
545;Politechnika Informatyczno-Elektroniczna
546;Uniwersytet Rolniczy
547;Politechnika Krolewska
548;Politechnika Krolewska
549;Uniwersytet Krolewski
550;Uniwersytet Krolewski
551;Politechnika Informatyczno-Elektroniczna
552;Politechnika Informatyczno-Elektroniczna
553;Uniwersytet Ekonomiczny
554;Politechnika Krolewska
555;Uniwersytet Rolniczy
556;Uniwersytet Pedagogiczny
557;Uniwersytet Rolniczy
558;Politechnika Krolewska
559;Politechnika Informatyczno-Elektroniczna
560;Uniwersytet Krolewski
561;Politechnika Krolewska
562;Politechnika Krolewska
563;Politechnika Krolewska
564;Politechnika Informatyczno-Elektroniczna
565;Uniwersytet Krolewski
566;Politechnika Informatyczno-Elektroniczna
567;Akademia Sztuk Pieknych
568;Uniwersytet Krolewski
569;Uniwersytet Pedagogiczny
570;Politechnika Informatyczno-Elektroniczna
571;Uniwersytet Krolewski
572;Politechnika Krolewska
573;Uniwersytet Krolewski
574;Uniwersytet Krolewski
575;Uniwersytet Rolniczy
576;Uniwersytet Krolewski
577;Uniwersytet Krolewski
578;Politechnika Informatyczno-Elektroniczna
579;Uniwersytet Krolewski
580;Politechnika Krolewska
581;Akademia Sztuk Pieknych
582;Politechnika Informatyczno-Elektroniczna
583;Uniwersytet Krolewski
584;Uniwersytet Pedagogiczny
585;Uniwersytet Krolewski
586;Politechnika Krolewska
587;Uniwersytet Krolewski
588;Uniwersytet Krolewski
589;Politechnika Krolewska
590;Uniwersytet Krolewski
591;Uniwersytet Rolniczy
592;Politechnika Krolewska
593;Akademia Sztuk Pieknych
594;Politechnika Informatyczno-Elektroniczna
595;Uniwersytet Krolewski
596;Politechnika Informatyczno-Elektroniczna
597;Uniwersytet Ekonomiczny
598;Uniwersytet Krolewski
599;Uniwersytet Krolewski
600;Politechnika Informatyczno-Elektroniczna
601;Politechnika Informatyczno-Elektroniczna
602;Uniwersytet Sportu i Turystyki
603;Politechnika Informatyczno-Elektroniczna
604;Uniwersytet Ekonomiczny
605;Politechnika Informatyczno-Elektroniczna
606;Uniwersytet Krolewski
607;Uniwersytet Krolewski
608;Politechnika Krolewska
609;Politechnika Krolewska
610;Politechnika Krolewska
611;Uniwersytet Krolewski
612;Uniwersytet Krolewski
613;Uniwersytet Pedagogiczny
614;Politechnika Informatyczno-Elektroniczna
615;Uniwersytet Krolewski
616;Politechnika Informatyczno-Elektroniczna
617;Politechnika Informatyczno-Elektroniczna
618;Politechnika Informatyczno-Elektroniczna
619;Akademia Sztuk Pieknych
620;Politechnika Krolewska
621;Uniwersytet Ekonomiczny
622;Uniwersytet Rolniczy
623;Politechnika Informatyczno-Elektroniczna
624;Uniwersytet Krolewski
625;Politechnika Informatyczno-Elektroniczna
626;Uniwersytet Krolewski
627;Politechnika Krolewska
628;Uniwersytet Krolewski
629;Politechnika Informatyczno-Elektroniczna
630;Politechnika Informatyczno-Elektroniczna
631;Politechnika Informatyczno-Elektroniczna
632;Akademia Sztuk Pieknych
633;Wyzsza Szko�a Techniczna
634;Uniwersytet Krolewski
635;Politechnika Krolewska
636;Politechnika Informatyczno-Elektroniczna
637;Politechnika Informatyczno-Elektroniczna
638;Uniwersytet Krolewski
639;Politechnika Krolewska
640;Politechnika Informatyczno-Elektroniczna
641;Politechnika Informatyczno-Elektroniczna
642;Politechnika Informatyczno-Elektroniczna
643;Politechnika Krolewska
644;Politechnika Krolewska
645;Politechnika Informatyczno-Elektroniczna
646;Uniwersytet Rolniczy
647;Politechnika Krolewska
648;Politechnika Informatyczno-Elektroniczna
649;Uniwersytet Krolewski
650;Politechnika Krolewska
651;Uniwersytet Krolewski
652;Politechnika Informatyczno-Elektroniczna
653;Politechnika Informatyczno-Elektroniczna
654;Uniwersytet Krolewski
655;Politechnika Krolewska
656;Uniwersytet Sportu i Turystyki
657;Politechnika Informatyczno-Elektroniczna
658;Politechnika Informatyczno-Elektroniczna
659;Uniwersytet Krolewski
660;Politechnika Informatyczno-Elektroniczna
661;Uniwersytet Krolewski
662;Uniwersytet Krolewski
663;Uniwersytet Rolniczy
664;Uniwersytet Pedagogiczny
665;Uniwersytet Krolewski
666;Uniwersytet Krolewski
667;Uniwersytet Krolewski
668;Uniwersytet Krolewski
669;Uniwersytet Krolewski
670;Politechnika Informatyczno-Elektroniczna
671;Uniwersytet Krolewski
672;Politechnika Krolewska
673;Politechnika Informatyczno-Elektroniczna
674;Politechnika Informatyczno-Elektroniczna
675;Politechnika Krolewska
676;Politechnika Informatyczno-Elektroniczna
677;Politechnika Informatyczno-Elektroniczna
678;Uniwersytet Krolewski
679;Uniwersytet Sportu i Turystyki
680;Uniwersytet Rolniczy
681;Uniwersytet Krolewski
682;Uniwersytet Krolewski
683;Politechnika Informatyczno-Elektroniczna
684;Uniwersytet Krolewski
685;Politechnika Krolewska
686;Politechnika Informatyczno-Elektroniczna
687;Uniwersytet Krolewski
688;Politechnika Informatyczno-Elektroniczna
689;Politechnika Informatyczno-Elektroniczna
690;Uniwersytet Pedagogiczny
691;Politechnika Informatyczno-Elektroniczna
692;Uniwersytet Rolniczy
693;Politechnika Krolewska
694;Uniwersytet Krolewski
695;Uniwersytet Krolewski
696;Politechnika Informatyczno-Elektroniczna
697;Politechnika Informatyczno-Elektroniczna
698;Uniwersytet Krolewski
699;Politechnika Krolewska
700;Uniwersytet Krolewski
701;Politechnika Informatyczno-Elektroniczna
702;Uniwersytet Pedagogiczny
703;Politechnika Informatyczno-Elektroniczna
704;Politechnika Informatyczno-Elektroniczna
705;Politechnika Krolewska
706;Akademia Sztuk Pieknych
707;Uniwersytet Krolewski
708;Uniwersytet Krolewski
709;Wyzsza Szko�a Techniczna
710;Uniwersytet Krolewski
711;Politechnika Informatyczno-Elektroniczna
712;Politechnika Informatyczno-Elektroniczna
713;Uniwersytet Krolewski
714;Uniwersytet Krolewski
715;Uniwersytet Krolewski
716;Uniwersytet Krolewski
717;Uniwersytet Krolewski
718;Politechnika Informatyczno-Elektroniczna
719;Politechnika Informatyczno-Elektroniczna
720;Politechnika Krolewska
721;Politechnika Krolewska
722;Politechnika Informatyczno-Elektroniczna
723;Politechnika Informatyczno-Elektroniczna
724;Politechnika Krolewska
725;Politechnika Informatyczno-Elektroniczna
726;Politechnika Informatyczno-Elektroniczna
727;Uniwersytet Krolewski
728;Uniwersytet Krolewski
729;Politechnika Krolewska
730;Uniwersytet Krolewski
731;Uniwersytet Krolewski
732;Politechnika Informatyczno-Elektroniczna
733;Uniwersytet Krolewski
734;Politechnika Informatyczno-Elektroniczna
735;Politechnika Informatyczno-Elektroniczna
736;Politechnika Krolewska
737;Uniwersytet Krolewski
738;Uniwersytet Rolniczy
739;Uniwersytet Krolewski
740;Uniwersytet Krolewski
741;Politechnika Informatyczno-Elektroniczna
742;Uniwersytet Ekonomiczny
743;Politechnika Krolewska
744;Uniwersytet Krolewski
745;Uniwersytet Krolewski
746;Politechnika Informatyczno-Elektroniczna
747;Politechnika Krolewska
748;Politechnika Informatyczno-Elektroniczna
749;Uniwersytet Ekonomiczny
750;Politechnika Informatyczno-Elektroniczna
751;Politechnika Informatyczno-Elektroniczna
752;Politechnika Informatyczno-Elektroniczna
753;Politechnika Krolewska
754;Uniwersytet Rolniczy
755;Akademia Sztuk Pieknych
756;Politechnika Informatyczno-Elektroniczna
757;Politechnika Krolewska
758;Uniwersytet Ekonomiczny
759;Uniwersytet Krolewski
760;Politechnika Informatyczno-Elektroniczna
761;Uniwersytet Krolewski
762;Uniwersytet Krolewski
763;Uniwersytet Krolewski
764;Politechnika Informatyczno-Elektroniczna
765;Politechnika Informatyczno-Elektroniczna
766;Uniwersytet Krolewski
767;Politechnika Informatyczno-Elektroniczna
768;Uniwersytet Krolewski
769;Politechnika Informatyczno-Elektroniczna
770;Politechnika Informatyczno-Elektroniczna
771;Uniwersytet Krolewski
772;Uniwersytet Pedagogiczny
773;Politechnika Krolewska
774;Politechnika Krolewska
775;Politechnika Informatyczno-Elektroniczna
776;Politechnika Krolewska
777;Politechnika Krolewska
778;Politechnika Informatyczno-Elektroniczna
779;Politechnika Informatyczno-Elektroniczna
780;Politechnika Krolewska
781;Politechnika Krolewska
782;Politechnika Krolewska
783;Politechnika Informatyczno-Elektroniczna
784;Politechnika Informatyczno-Elektroniczna
785;Politechnika Krolewska
786;Politechnika Krolewska
787;Politechnika Informatyczno-Elektroniczna
788;Politechnika Informatyczno-Elektroniczna
789;Uniwersytet Krolewski
790;Politechnika Informatyczno-Elektroniczna
791;Politechnika Informatyczno-Elektroniczna
792;Uniwersytet Sportu i Turystyki
793;Uniwersytet Krolewski
794;Politechnika Informatyczno-Elektroniczna
795;Uniwersytet Rolniczy
796;Uniwersytet Krolewski
797;Uniwersytet Krolewski
798;Politechnika Krolewska
799;Akademia Sztuk Pieknych
800;Politechnika Informatyczno-Elektroniczna
801;Politechnika Informatyczno-Elektroniczna
802;Uniwersytet Krolewski
803;Politechnika Krolewska
804;Uniwersytet Rolniczy
805;Politechnika Informatyczno-Elektroniczna
806;Uniwersytet Krolewski
807;Uniwersytet Krolewski
808;Politechnika Krolewska
809;Politechnika Informatyczno-Elektroniczna
810;Politechnika Informatyczno-Elektroniczna
811;Uniwersytet Rolniczy
812;Uniwersytet Krolewski
813;Politechnika Informatyczno-Elektroniczna
814;Politechnika Krolewska
815;Politechnika Informatyczno-Elektroniczna
816;Politechnika Informatyczno-Elektroniczna
817;Politechnika Informatyczno-Elektroniczna
818;Uniwersytet Sportu i Turystyki
819;Politechnika Informatyczno-Elektroniczna
820;Politechnika Informatyczno-Elektroniczna
821;Uniwersytet Krolewski
822;Uniwersytet Krolewski
823;Wyzsza Szko�a Techniczna
824;Politechnika Informatyczno-Elektroniczna
825;Politechnika Informatyczno-Elektroniczna
826;Politechnika Krolewska
827;Uniwersytet Krolewski
828;Politechnika Krolewska
829;Uniwersytet Krolewski
830;Politechnika Krolewska
831;Politechnika Informatyczno-Elektroniczna
832;Akademia Sztuk Pieknych
833;Politechnika Informatyczno-Elektroniczna
834;Uniwersytet Krolewski
835;Politechnika Informatyczno-Elektroniczna
836;Politechnika Informatyczno-Elektroniczna
837;Politechnika Informatyczno-Elektroniczna
838;Politechnika Informatyczno-Elektroniczna
839;Uniwersytet Ekonomiczny
840;Politechnika Informatyczno-Elektroniczna
841;Politechnika Informatyczno-Elektroniczna
842;Akademia Sztuk Pieknych
843;Uniwersytet Krolewski
844;Uniwersytet Krolewski
845;Uniwersytet Krolewski
846;Uniwersytet Ekonomiczny
847;Uniwersytet Pedagogiczny
848;Uniwersytet Krolewski
849;Wyzsza Szko�a Techniczna
850;Uniwersytet Ekonomiczny
851;Politechnika Informatyczno-Elektroniczna
852;Politechnika Krolewska
853;Politechnika Krolewska
854;Politechnika Krolewska
855;Politechnika Krolewska
856;Uniwersytet Krolewski
857;Politechnika Krolewska
858;Uniwersytet Krolewski
859;Politechnika Informatyczno-Elektroniczna
860;Politechnika Informatyczno-Elektroniczna
861;Politechnika Informatyczno-Elektroniczna
862;Uniwersytet Ekonomiczny
863;Politechnika Informatyczno-Elektroniczna
864;Uniwersytet Krolewski
865;Uniwersytet Krolewski
866;Uniwersytet Krolewski
867;Politechnika Informatyczno-Elektroniczna
868;Politechnika Informatyczno-Elektroniczna
869;Uniwersytet Pedagogiczny
870;Uniwersytet Rolniczy
871;Uniwersytet Krolewski
872;Politechnika Informatyczno-Elektroniczna
873;Uniwersytet Krolewski
874;Politechnika Informatyczno-Elektroniczna
875;Uniwersytet Krolewski
876;Uniwersytet Krolewski
877;Uniwersytet Krolewski
878;Uniwersytet Sportu i Turystyki
879;Politechnika Krolewska
880;Uniwersytet Krolewski
881;Politechnika Informatyczno-Elektroniczna
882;Uniwersytet Krolewski
883;Politechnika Informatyczno-Elektroniczna
884;Politechnika Krolewska
885;Politechnika Informatyczno-Elektroniczna
886;Politechnika Informatyczno-Elektroniczna
887;Uniwersytet Rolniczy
888;Politechnika Informatyczno-Elektroniczna
889;Politechnika Informatyczno-Elektroniczna
890;Politechnika Informatyczno-Elektroniczna
891;Politechnika Informatyczno-Elektroniczna
892;Uniwersytet Krolewski
893;Politechnika Informatyczno-Elektroniczna
894;Politechnika Informatyczno-Elektroniczna
895;Politechnika Krolewska
896;Uniwersytet Krolewski
897;Politechnika Krolewska
898;Politechnika Krolewska
899;Akademia Sztuk Pieknych
900;Uniwersytet Krolewski
901;Uniwersytet Krolewski
902;Politechnika Informatyczno-Elektroniczna
903;Uniwersytet Krolewski
904;Politechnika Informatyczno-Elektroniczna
905;Politechnika Informatyczno-Elektroniczna
906;Uniwersytet Krolewski
907;Uniwersytet Krolewski
908;Akademia Sztuk Pieknych
909;Politechnika Informatyczno-Elektroniczna
910;Politechnika Informatyczno-Elektroniczna
911;Politechnika Informatyczno-Elektroniczna
912;Uniwersytet Krolewski
913;Politechnika Informatyczno-Elektroniczna
914;Uniwersytet Krolewski
915;Politechnika Informatyczno-Elektroniczna
916;Uniwersytet Krolewski
917;Uniwersytet Krolewski
918;Politechnika Informatyczno-Elektroniczna
919;Politechnika Krolewska
920;Akademia Sztuk Pieknych
921;Uniwersytet Krolewski
922;Politechnika Informatyczno-Elektroniczna
923;Politechnika Informatyczno-Elektroniczna
924;Politechnika Informatyczno-Elektroniczna
925;Politechnika Informatyczno-Elektroniczna
926;Uniwersytet Krolewski
927;Uniwersytet Muzyczny
928;Politechnika Krolewska
929;Politechnika Informatyczno-Elektroniczna
930;Akademia Sztuk Pieknych
931;Uniwersytet Pedagogiczny
932;Uniwersytet Rolniczy
933;Politechnika Krolewska
934;Politechnika Informatyczno-Elektroniczna
935;Politechnika Informatyczno-Elektroniczna
936;Uniwersytet Rolniczy
937;Uniwersytet Krolewski
938;Uniwersytet Krolewski
939;Politechnika Krolewska
940;Politechnika Krolewska
941;Politechnika Informatyczno-Elektroniczna
942;Politechnika Krolewska
943;Uniwersytet Sportu i Turystyki
944;Uniwersytet Krolewski
945;Uniwersytet Krolewski
946;Politechnika Informatyczno-Elektroniczna
947;Uniwersytet Pedagogiczny
948;Uniwersytet Krolewski
949;Uniwersytet Pedagogiczny
950;Politechnika Krolewska
951;Politechnika Informatyczno-Elektroniczna
952;Politechnika Informatyczno-Elektroniczna
953;Politechnika Informatyczno-Elektroniczna
954;Politechnika Informatyczno-Elektroniczna
955;Politechnika Informatyczno-Elektroniczna
956;Politechnika Krolewska
957;Uniwersytet Ekonomiczny
958;Uniwersytet Rolniczy
959;Politechnika Krolewska
960;Politechnika Informatyczno-Elektroniczna
961;Politechnika Krolewska
962;Politechnika Informatyczno-Elektroniczna
963;Uniwersytet Krolewski
964;Politechnika Krolewska
965;Politechnika Krolewska
966;Politechnika Krolewska
967;Uniwersytet Krolewski
968;Politechnika Krolewska
969;Politechnika Informatyczno-Elektroniczna
970;Uniwersytet Krolewski
971;Politechnika Informatyczno-Elektroniczna
972;Politechnika Informatyczno-Elektroniczna
973;Politechnika Krolewska
974;Uniwersytet Ekonomiczny
975;Politechnika Informatyczno-Elektroniczna
976;Uniwersytet Krolewski
977;Uniwersytet Krolewski
978;Politechnika Informatyczno-Elektroniczna
979;Uniwersytet Krolewski
980;Politechnika Informatyczno-Elektroniczna
981;Politechnika Krolewska
982;Uniwersytet Krolewski
983;Uniwersytet Muzyczny
984;Politechnika Krolewska
985;Uniwersytet Krolewski
986;Politechnika Informatyczno-Elektroniczna
987;Politechnika Krolewska
988;Politechnika Krolewska
989;Uniwersytet Krolewski
990;Uniwersytet Krolewski
991;Politechnika Informatyczno-Elektroniczna
992;Politechnika Informatyczno-Elektroniczna
993;Uniwersytet Pedagogiczny
994;Uniwersytet Krolewski
995;Politechnika Informatyczno-Elektroniczna
996;Uniwersytet Rolniczy
997;Uniwersytet Krolewski
998;Uniwersytet Muzyczny
999;Politechnika Krolewska
1000;Politechnika Krolewska
1001;Akademia Sztuk Pieknych
1002;Politechnika Informatyczno-Elektroniczna
1003;Uniwersytet Krolewski
1004;Politechnika Krolewska
1005;Politechnika Krolewska
1006;Politechnika Krolewska
1007;Politechnika Informatyczno-Elektroniczna
1008;Politechnika Krolewska
1009;Politechnika Informatyczno-Elektroniczna
1010;Uniwersytet Krolewski
1011;Uniwersytet Krolewski
1012;Politechnika Informatyczno-Elektroniczna
1013;Uniwersytet Pedagogiczny
1014;Politechnika Informatyczno-Elektroniczna
1015;Uniwersytet Krolewski
1016;Politechnika Krolewska
1017;Politechnika Krolewska
1018;Uniwersytet Krolewski
1019;Politechnika Krolewska
1020;Uniwersytet Pedagogiczny
1021;Politechnika Informatyczno-Elektroniczna
1022;Uniwersytet Krolewski
1023;Politechnika Informatyczno-Elektroniczna
1024;Politechnika Krolewska
1025;Uniwersytet Ekonomiczny
1026;Politechnika Informatyczno-Elektroniczna
1027;Politechnika Informatyczno-Elektroniczna
1028;Politechnika Informatyczno-Elektroniczna
1029;Politechnika Informatyczno-Elektroniczna
1030;Politechnika Krolewska
1031;Politechnika Informatyczno-Elektroniczna
1032;Politechnika Krolewska
1033;Politechnika Krolewska
1034;Politechnika Informatyczno-Elektroniczna
1035;Uniwersytet Krolewski
1036;Politechnika Informatyczno-Elektroniczna
1037;Akademia Sztuk Pieknych
1038;Politechnika Informatyczno-Elektroniczna
1039;Uniwersytet Krolewski
1040;Politechnika Informatyczno-Elektroniczna
1041;Uniwersytet Krolewski
1042;Politechnika Informatyczno-Elektroniczna
1043;Politechnika Informatyczno-Elektroniczna
1044;Politechnika Krolewska
1045;Politechnika Informatyczno-Elektroniczna
1046;Politechnika Informatyczno-Elektroniczna
1047;Wyzsza Szko�a Techniczna
1048;Uniwersytet Sportu i Turystyki
1049;Uniwersytet Krolewski
1050;Uniwersytet Krolewski
1051;Politechnika Informatyczno-Elektroniczna
1052;Politechnika Informatyczno-Elektroniczna
1053;Politechnika Informatyczno-Elektroniczna
1054;Uniwersytet Sportu i Turystyki
1055;Politechnika Krolewska
1056;Politechnika Informatyczno-Elektroniczna
1057;Politechnika Informatyczno-Elektroniczna
1058;Uniwersytet Krolewski
1059;Uniwersytet Krolewski
1060;Politechnika Informatyczno-Elektroniczna
1061;Politechnika Informatyczno-Elektroniczna
1062;Politechnika Informatyczno-Elektroniczna
1063;Uniwersytet Krolewski
1064;Politechnika Informatyczno-Elektroniczna
1065;Politechnika Informatyczno-Elektroniczna
1066;Uniwersytet Krolewski
1067;Politechnika Krolewska
1068;Uniwersytet Rolniczy
1069;Uniwersytet Krolewski
1070;Politechnika Informatyczno-Elektroniczna
1071;Politechnika Informatyczno-Elektroniczna
1072;Politechnika Informatyczno-Elektroniczna
1073;Akademia Sztuk Pieknych
1074;Politechnika Krolewska
1075;Uniwersytet Krolewski
1076;Politechnika Informatyczno-Elektroniczna
1077;Politechnika Informatyczno-Elektroniczna
1078;Politechnika Informatyczno-Elektroniczna
1079;Uniwersytet Krolewski
1080;Politechnika Informatyczno-Elektroniczna
1081;Politechnika Informatyczno-Elektroniczna
1082;Uniwersytet Krolewski
1083;Politechnika Informatyczno-Elektroniczna
1084;Politechnika Informatyczno-Elektroniczna
1085;Politechnika Informatyczno-Elektroniczna
1086;Politechnika Informatyczno-Elektroniczna
1087;Uniwersytet Sportu i Turystyki
1088;Politechnika Krolewska
1089;Politechnika Krolewska
1090;Politechnika Informatyczno-Elektroniczna
1091;Akademia Sztuk Pieknych
1092;Uniwersytet Rolniczy
1093;Uniwersytet Pedagogiczny
1094;Politechnika Informatyczno-Elektroniczna
1095;Politechnika Krolewska
1096;Politechnika Krolewska
1097;Uniwersytet Krolewski
1098;Uniwersytet Krolewski
1099;Politechnika Krolewska
1100;Uniwersytet Sportu i Turystyki
1101;Uniwersytet Krolewski
1102;Uniwersytet Sportu i Turystyki
1103;Politechnika Informatyczno-Elektroniczna
1104;Politechnika Informatyczno-Elektroniczna
1105;Politechnika Krolewska
1106;Uniwersytet Krolewski
1107;Uniwersytet Ekonomiczny
1108;Politechnika Informatyczno-Elektroniczna
1109;Akademia Sztuk Pieknych
1110;Uniwersytet Krolewski
1111;Politechnika Krolewska
1112;Politechnika Krolewska
1113;Politechnika Krolewska
1114;Uniwersytet Krolewski
1115;Uniwersytet Krolewski
1116;Politechnika Informatyczno-Elektroniczna
1117;Uniwersytet Krolewski
1118;Politechnika Informatyczno-Elektroniczna
1119;Politechnika Informatyczno-Elektroniczna
1120;Politechnika Informatyczno-Elektroniczna
1121;Politechnika Informatyczno-Elektroniczna
1122;Uniwersytet Krolewski
1123;Uniwersytet Krolewski
1124;Uniwersytet Krolewski
1125;Uniwersytet Rolniczy
1126;Politechnika Krolewska
1127;Politechnika Krolewska
1128;Politechnika Informatyczno-Elektroniczna
1129;Politechnika Krolewska
1130;Uniwersytet Ekonomiczny
1131;Uniwersytet Pedagogiczny
1132;Politechnika Krolewska
1133;Uniwersytet Krolewski
1134;Politechnika Krolewska
1135;Politechnika Informatyczno-Elektroniczna
1136;Uniwersytet Pedagogiczny
1137;Politechnika Informatyczno-Elektroniczna
1138;Politechnika Informatyczno-Elektroniczna
1139;Politechnika Informatyczno-Elektroniczna
1140;Politechnika Informatyczno-Elektroniczna
1141;Uniwersytet Krolewski
1142;Politechnika Informatyczno-Elektroniczna
1143;Uniwersytet Krolewski
1144;Uniwersytet Krolewski
1145;Politechnika Krolewska
1146;Politechnika Informatyczno-Elektroniczna
1147;Politechnika Informatyczno-Elektroniczna
1148;Politechnika Krolewska
1149;Politechnika Informatyczno-Elektroniczna
1150;Uniwersytet Ekonomiczny
1151;Uniwersytet Krolewski
1152;Politechnika Krolewska
1153;Uniwersytet Krolewski
1154;Uniwersytet Krolewski
1155;Politechnika Informatyczno-Elektroniczna
1156;Uniwersytet Rolniczy
1157;Uniwersytet Krolewski
1158;Uniwersytet Krolewski
1159;Politechnika Informatyczno-Elektroniczna
1160;Uniwersytet Krolewski
1161;Politechnika Informatyczno-Elektroniczna
1162;Uniwersytet Krolewski
1163;Uniwersytet Krolewski
1164;Uniwersytet Krolewski
1165;Akademia Sztuk Pieknych
1166;Politechnika Informatyczno-Elektroniczna
1167;Uniwersytet Krolewski
1168;Uniwersytet Krolewski
1169;Politechnika Informatyczno-Elektroniczna
1170;Uniwersytet Krolewski
1171;Uniwersytet Krolewski
1172;Politechnika Krolewska
1173;Uniwersytet Rolniczy
1174;Uniwersytet Krolewski
1175;Uniwersytet Pedagogiczny
1176;Uniwersytet Krolewski
1177;Politechnika Informatyczno-Elektroniczna
1178;Politechnika Krolewska
1179;Akademia Sztuk Pieknych
1180;Uniwersytet Sportu i Turystyki
1181;Politechnika Informatyczno-Elektroniczna
1182;Uniwersytet Krolewski
1183;Politechnika Informatyczno-Elektroniczna
1184;Politechnika Informatyczno-Elektroniczna
1185;Uniwersytet Pedagogiczny
1186;Politechnika Krolewska
1187;Politechnika Informatyczno-Elektroniczna
1188;Politechnika Krolewska
1189;Politechnika Informatyczno-Elektroniczna
1190;Politechnika Krolewska
1191;Uniwersytet Sportu i Turystyki
1192;Uniwersytet Krolewski
1193;Uniwersytet Krolewski
1194;Akademia Sztuk Pieknych
1195;Politechnika Informatyczno-Elektroniczna
1196;Uniwersytet Krolewski
1197;Uniwersytet Krolewski
1198;Politechnika Krolewska
1199;Politechnika Informatyczno-Elektroniczna
1200;Uniwersytet Krolewski
1201;Uniwersytet Krolewski
1202;Politechnika Krolewska
1203;Uniwersytet Krolewski
1204;Politechnika Krolewska
1205;Politechnika Informatyczno-Elektroniczna
1206;Politechnika Krolewska
1207;Politechnika Krolewska
1208;Politechnika Informatyczno-Elektroniczna
1209;Uniwersytet Krolewski
1210;Uniwersytet Krolewski
1211;Uniwersytet Rolniczy
1212;Uniwersytet Krolewski
1213;Politechnika Informatyczno-Elektroniczna
1214;Akademia Sztuk Pieknych
1215;Uniwersytet Krolewski
1216;Politechnika Informatyczno-Elektroniczna
1217;Politechnika Informatyczno-Elektroniczna
1218;Politechnika Informatyczno-Elektroniczna
1219;Uniwersytet Pedagogiczny
1220;Uniwersytet Krolewski
1221;Uniwersytet Krolewski
1222;Politechnika Informatyczno-Elektroniczna
1223;Politechnika Informatyczno-Elektroniczna
1224;Wyzsza Szko�a Techniczna
1225;Uniwersytet Ekonomiczny
1226;Politechnika Krolewska
1227;Politechnika Informatyczno-Elektroniczna
1228;Politechnika Informatyczno-Elektroniczna
1229;Politechnika Krolewska
1230;Politechnika Informatyczno-Elektroniczna
1231;Uniwersytet Krolewski
1232;Politechnika Informatyczno-Elektroniczna
1233;Uniwersytet Ekonomiczny
1234;Politechnika Krolewska
1235;Politechnika Krolewska
1236;Politechnika Krolewska
1237;Politechnika Informatyczno-Elektroniczna
1238;Uniwersytet Krolewski
1239;Uniwersytet Krolewski
1240;Uniwersytet Krolewski
1241;Uniwersytet Rolniczy
1242;Uniwersytet Krolewski
1243;Uniwersytet Krolewski
1244;Uniwersytet Rolniczy
1245;Politechnika Krolewska
1246;Uniwersytet Krolewski
1247;Politechnika Informatyczno-Elektroniczna
1248;Politechnika Informatyczno-Elektroniczna
1249;Politechnika Krolewska
1250;Politechnika Krolewska
1251;Politechnika Krolewska
1252;Uniwersytet Krolewski
1253;Uniwersytet Sportu i Turystyki
1254;Politechnika Krolewska
1255;Politechnika Informatyczno-Elektroniczna
1256;Uniwersytet Krolewski
1257;Politechnika Informatyczno-Elektroniczna
1258;Politechnika Informatyczno-Elektroniczna
1259;Uniwersytet Rolniczy
1260;Politechnika Informatyczno-Elektroniczna
1261;Uniwersytet Krolewski
1262;Politechnika Krolewska
1263;Uniwersytet Krolewski
1264;Politechnika Informatyczno-Elektroniczna
1265;Politechnika Informatyczno-Elektroniczna
1266;Politechnika Krolewska
1267;Politechnika Krolewska
1268;Politechnika Krolewska
1269;Politechnika Informatyczno-Elektroniczna
1270;Politechnika Informatyczno-Elektroniczna
1271;Wyzsza Szko�a Techniczna
1272;Politechnika Informatyczno-Elektroniczna
1273;Politechnika Krolewska
1274;Akademia Sztuk Pieknych
1275;Politechnika Krolewska
1276;Politechnika Informatyczno-Elektroniczna
1277;Uniwersytet Krolewski
1278;Politechnika Informatyczno-Elektroniczna
1279;Politechnika Krolewska
1280;Politechnika Informatyczno-Elektroniczna
1281;Uniwersytet Krolewski
1282;Politechnika Informatyczno-Elektroniczna
1283;Uniwersytet Krolewski
1284;Politechnika Krolewska
1285;Politechnika Informatyczno-Elektroniczna
1286;Uniwersytet Rolniczy
1287;Uniwersytet Krolewski
1288;Politechnika Informatyczno-Elektroniczna
1289;Uniwersytet Krolewski
1290;Uniwersytet Krolewski
1291;Uniwersytet Krolewski
1292;Uniwersytet Krolewski
1293;Wyzsza Szko�a Techniczna
1294;Uniwersytet Rolniczy
1295;Politechnika Krolewska
1296;Politechnika Krolewska
1297;Uniwersytet Krolewski
1298;Akademia Sztuk Pieknych
1299;Uniwersytet Krolewski
1300;Uniwersytet Rolniczy
1301;Politechnika Informatyczno-Elektroniczna
1302;Politechnika Informatyczno-Elektroniczna
1303;Uniwersytet Krolewski
1304;Politechnika Informatyczno-Elektroniczna
1305;Politechnika Informatyczno-Elektroniczna
1306;Uniwersytet Krolewski
1307;Politechnika Informatyczno-Elektroniczna
1308;Politechnika Informatyczno-Elektroniczna
1309;Uniwersytet Krolewski
1310;Uniwersytet Ekonomiczny
1311;Politechnika Krolewska
1312;Uniwersytet Krolewski
1313;Uniwersytet Krolewski
1314;Politechnika Informatyczno-Elektroniczna
1315;Politechnika Informatyczno-Elektroniczna
1316;Politechnika Informatyczno-Elektroniczna
1317;Politechnika Krolewska
1318;Uniwersytet Krolewski
1319;Politechnika Informatyczno-Elektroniczna
1320;Politechnika Informatyczno-Elektroniczna
1321;Uniwersytet Krolewski
1322;Uniwersytet Krolewski
1323;Uniwersytet Krolewski
1324;Uniwersytet Krolewski
1325;Uniwersytet Krolewski
1326;Uniwersytet Krolewski
1327;Uniwersytet Pedagogiczny
1328;Politechnika Krolewska
1329;Uniwersytet Sportu i Turystyki
1330;Uniwersytet Krolewski
1331;Uniwersytet Krolewski
1332;Uniwersytet Krolewski
1333;Uniwersytet Krolewski
1334;Politechnika Krolewska
1335;Politechnika Informatyczno-Elektroniczna
1336;Wyzsza Szko�a Techniczna
1337;Politechnika Krolewska
1338;Politechnika Informatyczno-Elektroniczna
1339;Uniwersytet Krolewski
1340;Politechnika Informatyczno-Elektroniczna
1341;Uniwersytet Pedagogiczny
1342;Politechnika Krolewska
1343;Uniwersytet Sportu i Turystyki
1344;Politechnika Informatyczno-Elektroniczna
1345;Uniwersytet Krolewski
1346;Uniwersytet Krolewski
1347;Politechnika Informatyczno-Elektroniczna
1348;Uniwersytet Krolewski
1349;Uniwersytet Pedagogiczny
1350;Politechnika Krolewska
1351;Politechnika Krolewska
1352;Politechnika Informatyczno-Elektroniczna
1353;Uniwersytet Krolewski
1354;Uniwersytet Krolewski
1355;Politechnika Informatyczno-Elektroniczna
1356;Uniwersytet Krolewski
1357;Uniwersytet Ekonomiczny
1358;Politechnika Informatyczno-Elektroniczna
1359;Uniwersytet Krolewski
1360;Uniwersytet Ekonomiczny
1361;Politechnika Krolewska
1362;Akademia Sztuk Pieknych
1363;Uniwersytet Krolewski
1364;Politechnika Krolewska
1365;Politechnika Informatyczno-Elektroniczna
1366;Politechnika Krolewska
1367;Uniwersytet Pedagogiczny
1368;Politechnika Informatyczno-Elektroniczna
1369;Politechnika Informatyczno-Elektroniczna
1370;Uniwersytet Sportu i Turystyki
1371;Politechnika Informatyczno-Elektroniczna
1372;Politechnika Informatyczno-Elektroniczna
1373;Politechnika Informatyczno-Elektroniczna
1374;Politechnika Informatyczno-Elektroniczna
1375;Politechnika Krolewska
1376;Akademia Sztuk Pieknych
1377;Uniwersytet Ekonomiczny
1378;Uniwersytet Krolewski
1379;Uniwersytet Ekonomiczny
1380;Uniwersytet Muzyczny
1381;Politechnika Informatyczno-Elektroniczna
1382;Politechnika Krolewska
1383;Politechnika Informatyczno-Elektroniczna
1384;Uniwersytet Krolewski
1385;Uniwersytet Rolniczy
1386;Uniwersytet Krolewski
1387;Politechnika Krolewska
1388;Akademia Sztuk Pieknych
1389;Uniwersytet Krolewski
1390;Uniwersytet Krolewski
1391;Politechnika Krolewska
1392;Uniwersytet Krolewski
1393;Uniwersytet Krolewski
1394;Uniwersytet Krolewski
1395;Uniwersytet Pedagogiczny
1396;Akademia Sztuk Pieknych
1397;Uniwersytet Krolewski
1398;Uniwersytet Rolniczy
1399;Politechnika Krolewska
1400;Wyzsza Szko�a Techniczna
1401;Politechnika Informatyczno-Elektroniczna
1402;Uniwersytet Krolewski
1403;Politechnika Informatyczno-Elektroniczna
1404;Politechnika Informatyczno-Elektroniczna
1405;Uniwersytet Sportu i Turystyki
1406;Politechnika Informatyczno-Elektroniczna
1407;Politechnika Informatyczno-Elektroniczna
1408;Politechnika Informatyczno-Elektroniczna
1409;Politechnika Krolewska
1410;Politechnika Informatyczno-Elektroniczna
1411;Uniwersytet Pedagogiczny
1412;Uniwersytet Krolewski
1413;Politechnika Informatyczno-Elektroniczna
1414;Politechnika Krolewska
1415;Uniwersytet Krolewski
1416;Politechnika Informatyczno-Elektroniczna
1417;Politechnika Informatyczno-Elektroniczna
1418;Politechnika Informatyczno-Elektroniczna
1419;Politechnika Krolewska
1420;Politechnika Informatyczno-Elektroniczna
1421;Uniwersytet Krolewski
1422;Uniwersytet Krolewski
1423;Politechnika Krolewska
1424;Uniwersytet Krolewski
1425;Politechnika Informatyczno-Elektroniczna
1426;Uniwersytet Krolewski
1427;Uniwersytet Krolewski
1428;Uniwersytet Ekonomiczny
1429;Uniwersytet Krolewski
1430;Uniwersytet Krolewski
1431;Politechnika Informatyczno-Elektroniczna
1432;Politechnika Krolewska
1433;Politechnika Informatyczno-Elektroniczna
1434;Uniwersytet Pedagogiczny
1435;Uniwersytet Krolewski
1436;Politechnika Informatyczno-Elektroniczna
1437;Politechnika Informatyczno-Elektroniczna
1438;Uniwersytet Krolewski
1439;Uniwersytet Krolewski
1440;Politechnika Informatyczno-Elektroniczna
1441;Uniwersytet Krolewski
1442;Politechnika Krolewska
1443;Politechnika Informatyczno-Elektroniczna
1444;Uniwersytet Ekonomiczny
1445;Uniwersytet Krolewski
1446;Uniwersytet Krolewski
1447;Politechnika Informatyczno-Elektroniczna
1448;Politechnika Krolewska
1449;Politechnika Informatyczno-Elektroniczna
1450;Akademia Sztuk Pieknych
1451;Uniwersytet Pedagogiczny
1452;Uniwersytet Krolewski
1453;Uniwersytet Krolewski
1454;Uniwersytet Krolewski
1455;Politechnika Informatyczno-Elektroniczna
1456;Uniwersytet Krolewski
1457;Akademia Sztuk Pieknych
1458;Akademia Sztuk Pieknych
1459;Uniwersytet Ekonomiczny
1460;Uniwersytet Rolniczy
1461;Politechnika Informatyczno-Elektroniczna
1462;Politechnika Krolewska
1463;Uniwersytet Krolewski
1464;Politechnika Krolewska
1465;Politechnika Informatyczno-Elektroniczna
1466;Akademia Sztuk Pieknych
1467;Politechnika Krolewska
1468;Politechnika Informatyczno-Elektroniczna
1469;Uniwersytet Krolewski
1470;Politechnika Informatyczno-Elektroniczna
1471;Uniwersytet Ekonomiczny
1472;Politechnika Krolewska
1473;Politechnika Informatyczno-Elektroniczna
1474;Politechnika Informatyczno-Elektroniczna
1475;Uniwersytet Ekonomiczny
1476;Uniwersytet Krolewski
1477;Uniwersytet Krolewski
1478;Uniwersytet Krolewski
1479;Politechnika Informatyczno-Elektroniczna
1480;Politechnika Informatyczno-Elektroniczna
1481;Politechnika Krolewska
1482;Uniwersytet Ekonomiczny
1483;Uniwersytet Rolniczy
1484;Uniwersytet Krolewski
1485;Politechnika Informatyczno-Elektroniczna
1486;Politechnika Informatyczno-Elektroniczna
1487;Uniwersytet Krolewski
1488;Uniwersytet Pedagogiczny
1489;Politechnika Informatyczno-Elektroniczna
1490;Politechnika Informatyczno-Elektroniczna
1491;Politechnika Informatyczno-Elektroniczna
1492;Uniwersytet Krolewski
1493;Wyzsza Szko�a Techniczna
1494;Politechnika Informatyczno-Elektroniczna
1495;Uniwersytet Rolniczy
1496;Politechnika Informatyczno-Elektroniczna
1497;Politechnika Krolewska
1498;Politechnika Informatyczno-Elektroniczna
1499;Politechnika Informatyczno-Elektroniczna
1500;Politechnika Informatyczno-Elektroniczna
1501;Politechnika Informatyczno-Elektroniczna
1502;Uniwersytet Krolewski
1503;Politechnika Informatyczno-Elektroniczna
1504;Uniwersytet Krolewski
1505;Politechnika Informatyczno-Elektroniczna
1506;Politechnika Informatyczno-Elektroniczna
1507;Uniwersytet Krolewski
1508;Politechnika Informatyczno-Elektroniczna
1509;Politechnika Krolewska
1510;Politechnika Informatyczno-Elektroniczna
1511;Uniwersytet Ekonomiczny
1512;Uniwersytet Pedagogiczny
1513;Politechnika Informatyczno-Elektroniczna
1514;Uniwersytet Krolewski
1515;Politechnika Informatyczno-Elektroniczna
1516;Uniwersytet Krolewski
1517;Akademia Sztuk Pieknych
1518;Uniwersytet Pedagogiczny
1519;Uniwersytet Pedagogiczny
1520;Politechnika Krolewska
1521;Politechnika Krolewska
1522;Uniwersytet Krolewski
1523;Politechnika Informatyczno-Elektroniczna
1524;Politechnika Informatyczno-Elektroniczna
1525;Politechnika Informatyczno-Elektroniczna
1526;Politechnika Informatyczno-Elektroniczna
1527;Uniwersytet Krolewski
1528;Uniwersytet Krolewski
1529;Politechnika Informatyczno-Elektroniczna
1530;Politechnika Informatyczno-Elektroniczna
1531;Uniwersytet Krolewski
1532;Politechnika Informatyczno-Elektroniczna
1533;Politechnika Krolewska
1534;Uniwersytet Krolewski
1535;Uniwersytet Krolewski
1536;Uniwersytet Krolewski
1537;Politechnika Krolewska
1538;Uniwersytet Ekonomiczny
1539;Politechnika Informatyczno-Elektroniczna
1540;Politechnika Krolewska
1541;Uniwersytet Krolewski
1542;Politechnika Informatyczno-Elektroniczna
1543;Politechnika Krolewska
1544;Uniwersytet Krolewski
1545;Politechnika Krolewska
1546;Politechnika Krolewska
1547;Uniwersytet Pedagogiczny
1548;Politechnika Krolewska
1549;Uniwersytet Krolewski
1550;Uniwersytet Krolewski
1551;Uniwersytet Krolewski
1552;Politechnika Informatyczno-Elektroniczna
1553;Uniwersytet Krolewski
1554;Politechnika Informatyczno-Elektroniczna
1555;Politechnika Krolewska
1556;Akademia Sztuk Pieknych
1557;Uniwersytet Ekonomiczny
1558;Politechnika Informatyczno-Elektroniczna
1559;Uniwersytet Krolewski
1560;Akademia Sztuk Pieknych
1561;Politechnika Informatyczno-Elektroniczna
1562;Uniwersytet Krolewski
1563;Politechnika Informatyczno-Elektroniczna
1564;Akademia Sztuk Pieknych
1565;Uniwersytet Krolewski
1566;Politechnika Informatyczno-Elektroniczna
1567;Uniwersytet Krolewski
1568;Politechnika Krolewska
1569;Uniwersytet Krolewski
1570;Akademia Sztuk Pieknych
1571;Uniwersytet Sportu i Turystyki
1572;Politechnika Informatyczno-Elektroniczna
1573;Uniwersytet Krolewski
1574;Politechnika Informatyczno-Elektroniczna
1575;Uniwersytet Krolewski
1576;Uniwersytet Ekonomiczny
1577;Uniwersytet Krolewski
1578;Akademia Sztuk Pieknych
1579;Politechnika Informatyczno-Elektroniczna
1580;Politechnika Informatyczno-Elektroniczna
1581;Akademia Sztuk Pieknych
1582;Politechnika Informatyczno-Elektroniczna
1583;Politechnika Informatyczno-Elektroniczna
1584;Politechnika Krolewska
1585;Politechnika Informatyczno-Elektroniczna
1586;Politechnika Informatyczno-Elektroniczna
1587;Uniwersytet Sportu i Turystyki
1588;Politechnika Krolewska
1589;Politechnika Informatyczno-Elektroniczna
1590;Uniwersytet Ekonomiczny
1591;Politechnika Informatyczno-Elektroniczna
1592;Uniwersytet Krolewski
1593;Uniwersytet Krolewski
1594;Politechnika Krolewska
1595;Politechnika Krolewska
1596;Uniwersytet Krolewski
1597;Politechnika Informatyczno-Elektroniczna
1598;Politechnika Informatyczno-Elektroniczna
1599;Politechnika Informatyczno-Elektroniczna
1600;Uniwersytet Krolewski
1601;Politechnika Informatyczno-Elektroniczna
1602;Politechnika Krolewska
1603;Politechnika Informatyczno-Elektroniczna
1604;Politechnika Informatyczno-Elektroniczna
1605;Akademia Sztuk Pieknych
1606;Politechnika Krolewska
1607;Politechnika Krolewska
1608;Politechnika Krolewska
1609;Politechnika Krolewska
1610;Uniwersytet Krolewski
1611;Uniwersytet Pedagogiczny
1612;Politechnika Informatyczno-Elektroniczna
1613;Uniwersytet Krolewski
1614;Uniwersytet Pedagogiczny
1615;Politechnika Krolewska
1616;Uniwersytet Krolewski
